[{"book":{"Year":"1918","BookName":"Kong Yiji","Author":"Lu Xun","status":"Unborrowed"}},{"book":{"Year":"1924","BookName":"Soap","Author":"Lu xun","status":"Unborrowed"}},{"book":{"Year":"1924","BookName":"Soap","Author":"Lu xun","status":"Unborrowed"}},{"book":{"Year":"1918","BookName":"Kong Yiji","Author":"Lu Xun","status":"Unborrowed"}},{"book":{"Year":"1924","BookName":"Soap","Author":"Lu xun","status":"Unborrowed"}},{"book":{"Year":"1924","BookName":"Soap","Author":"Lu xun","status":"Unborrowed"}},{"book":{"Year":"1918","BookName":"Kong Yiji","Author":"Lu Xun","status":"Unborrowed"}},{"book":{"Year":"1918","BookName":"Kong Yiji","Author":"Lu Xun","status":"Unborrowed"}},{"book":{"Year":"1918","BookName":"Kong Yiji","Author":"Lu Xun","status":"Unborrowed"}},{"book":{"Year":"1918","BookName":"Kong Yiji","Author":"Lu Xun","status":"Unborrowed"}},{"book":{"Year":"1918","BookName":"Kong Yiji","Author":"Lu Xun","status":"Unborrowed"}},{"book":{"Year":"1918","BookName":"Kong Yiji","Author":"Lu Xun","status":"Unborrowed"}},{"book":{"Year":"1924","BookName":"Soap","Author":"Lu xun","status":"Unborrowed"}},{"book":{"Year":"1924","BookName":"Soap","Author":"Lu xun","status":"Unborrowed"}},{"book":{"Year":"1924","BookName":"Soap","Author":"Lu xun","status":"Unborrowed"}},{"book":{"Year":"1924","BookName":"Soap","Author":"Lu xun","status":"Unborrowed"}},{"book":{"Year":"1918","BookName":"Kong Yiji","Author":"Lu Xun","status":"Unborrowed"}},{"book":{"Year":"1918","BookName":"Kong Yiji","Author":"Lu Xun","status":"Unborrowed"}},{"book":{"Year":"1918","BookName":"Kong Yiji","Author":"Lu Xun","status":"Unborrowed"}},{"book":{"Year":"1918","BookName":"Kong Yiji","Author":"Lu Xun","status":"Unborrowed"}},{"book":{"Year":"1918","BookName":"Kong Yiji","Author":"Lu Xun","status":"Unborrowed"}},{"book":{"Year":"1918","BookName":"Kong Yiji","Author":"Lu Xun","status":"Unborrowed"}},{"book":{"Year":"1918","BookName":"Kong Yiji","Author":"Lu Xun","status":"Unborrowed"}},{"book":{"Year":"1918","BookName":"Kong Yiji","Author":"Lu Xun","status":"Unborrowed"}},{"book":{"Year":"1924","BookName":"Soap","Author":"Lu xun","status":"Unborrowed"}},{"book":{"Year":"1924","BookName":"Soap","Author":"Lu xun","status":"Unborrowed"}},{"book":{"Year":"1924","BookName":"Soap","Author":"Lu xun","status":"Unborrowed"}},{"book":{"Year":"1924","BookName":"Soap","Author":"Lu xun","status":"Unborrowed"}},{"book":{"Year":"1924","BookName":"Soap","Author":"Lu xun","status":"Unborrowed"}},{"book":{"Year":"1924","BookName":"Soap","Author":"Lu xun","status":"Unborrowed"}},{"book":{"Year":"1924","BookName":"Soap","Author":"Lu xun","status":"Unborrowed"}},{"book":{"Year":"1924","BookName":"Soap","Author":"Lu xun","status":"Unborrowed"}},{"book":{"Year":"1924","BookName":"Soap","Author":"Lu xun","status":"Unborrowed"}},{"book":{"Year":"1924","BookName":"Soap","Author":"Lu xun","status":"Unborrowed"}},{"book":{"Year":"1924","BookName":"Soap","Author":"Lu xun","status":"Unborrowed"}},{"book":{"Year":"1924","BookName":"Soap","Author":"Lu xun","status":"Unborrowed"}},{"book":{"Year":"1924","BookName":"Soap","Author":"Lu xun","status":"Unborrowed"}},{"book":{"Year":"1924","BookName":"Soap","Author":"Lu xun","status":"Unborrowed"}},{"book":{"Year":"1924","BookName":"Soap","Author":"Lu xun","status":"Unborrowed"}},{"book":{"Year":"1924","BookName":"Soap","Author":"Lu xun","status":"Unborrowed"}},{"book":{"Year":"1924","BookName":"Soap","Author":"Lu xun","status":"Unborrowed"}},{"book":{"Year":"1924","BookName":"Soap","Author":"Lu xun","status":"Unborrowed"}},{"book":{"Year":"1924","BookName":"Soap","Author":"Lu xun","status":"Unborrowed"}},{"book":{"Year":"1924","BookName":"Soap","Author":"Lu xun","status":"Unborrowed"}},{"book":{"Year":"1924","BookName":"Soap","Author":"Lu xun","status":"Unborrowed"}},{"book":{"Year":"1924","BookName":"Soap","Author":"Lu xun","status":"Unborrowed"}},{"book":{"Year":"1924","BookName":"Soap","Author":"Lu xun","status":"Unborrowed"}},{"book":{"Year":"1924","BookName":"Soap","Author":"Lu xun","status":"Unborrowed"}},{"book":{"Year":"1924","BookName":"Soap","Author":"Lu xun","status":"Unborrowed"}},{"book":{"Year":"1924","BookName":"Soap","Author":"Lu xun","status":"Unborrowed"}},{"book":{"Year":"1924","BookName":"Soap","Author":"Lu xun","status":"Unborrowed"}},{"book":{"Year":"1924","BookName":"Soap","Author":"Lu xun","status":"Unborrowed"}},{"book":{"Year":"1924","BookName":"Soap","Author":"Lu xun","status":"Unborrowed"}},{"book":{"Year":"1924","BookName":"Soap","Author":"Lu xun","status":"Unborrowed"}},{"book":{"Year":"1924","BookName":"Soap","Author":"Lu xun","status":"Unborrowed"}},{"book":{"Year":"1924","BookName":"Soap","Author":"Lu xun","status":"Unborrowed"}},{"book":{"Year":"1924","BookName":"Soap","Author":"Lu xun","status":"Unborrowed"}},{"book":{"Year":"1924","BookName":"Soap","Author":"Lu xun","status":"Unborrowed"}},{"book":{"Year":"1924","BookName":"Soap","Author":"Lu xun","status":"Unborrowed"}},{"book":{"Year":"1924","BookName":"Soap","Author":"Lu xun","status":"Unborrowed"}},{"book":{"Year":"1924","BookName":"Soap","Author":"Lu xun","status":"Unborrowed"}},{"book":{"Year":"1924","BookName":"Soap","Author":"Lu xun","status":"Unborrowed"}},{"book":{"Year":"1924","BookName":"Soap","Author":"Lu xun","status":"Unborrowed"}},{"book":{"Year":"1924","BookName":"Soap","Author":"Lu xun","status":"Unborrowed"}},{"book":{"Year":"1924","BookName":"Soap","Author":"Lu xun","status":"Unborrowed"}},{"book":{"Year":"1924","BookName":"Soap","Author":"Lu xun","status":"Unborrowed"}},{"book":{"Year":"1924","BookName":"Soap","Author":"Lu xun","status":"Unborrowed"}},{"book":{"Year":"1924","BookName":"Soap","Author":"Lu xun","status":"Unborrowed"}},{"book":{"Year":"1924","BookName":"Soap","Author":"Lu xun","status":"Unborrowed"}},{"book":{"Year":"1924","BookName":"Soap","Author":"Lu xun","status":"Unborrowed"}},{"book":{"Year":"1924","BookName":"Soap","Author":"Lu xun","status":"Unborrowed"}},{"book":{"Year":"1924","BookName":"Soap","Author":"Lu xun","status":"Unborrowed"}},{"book":{"Year":"1924","BookName":"Soap","Author":"Lu xun","status":"Unborrowed"}},{"book":{"Year":"1924","BookName":"Soap","Author":"Lu xun","status":"Unborrowed"}},{"book":{"Year":"1924","BookName":"Soap","Author":"Lu xun","status":"Unborrowed"}},{"book":{"Year":"1924","BookName":"Soap","Author":"Lu xun","status":"Unborrowed"}},{"book":{"Year":"1924","BookName":"Soap","Author":"Lu xun","status":"Unborrowed"}},{"book":{"Year":"1924","BookName":"Soap","Author":"Lu xun","status":"Unborrowed"}},{"book":{"Year":"1918","BookName":"Kong Yiji","Author":"Lu Xun","status":"Unborrowed"}},{"book":{"Year":"1918","BookName":"Kong Yiji","Author":"Lu Xun","status":"Unborrowed"}},{"book":{"Year":"1918","BookName":"Kong Yiji","Author":"Lu Xun","status":"Unborrowed"}},{"book":{"Year":"1918","BookName":"Kong Yiji","Author":"Lu Xun","status":"Unborrowed"}},{"book":{"Year":"1918","BookName":"Kong Yiji","Author":"Lu Xun","status":"Unborrowed"}},{"book":{"Year":"1918","BookName":"Kong Yiji","Author":"Lu Xun","status":"Unborrowed"}},{"book":{"Year":"1918","BookName":"Kong Yiji","Author":"Lu Xun","status":"Unborrowed"}},{"book":{"Year":"1918","BookName":"Kong Yiji","Author":"Lu Xun","status":"Unborrowed"}},{"book":{"Year":"1918","BookName":"Kong Yiji","Author":"Lu Xun","status":"Unborrowed"}},{"book":{"Year":"1918","BookName":"Kong Yiji","Author":"Lu Xun","status":"Unborrowed"}},{"book":{"Year":"1918","BookName":"Kong Yiji","Author":"Lu Xun","status":"Unborrowed"}},{"book":{"Year":"1918","BookName":"Kong Yiji","Author":"Lu Xun","status":"Unborrowed"}},{"book":{"Year":"1918","BookName":"Kong Yiji","Author":"Lu Xun","status":"Unborrowed"}},{"book":{"Year":"1918","BookName":"Kong Yiji","Author":"Lu Xun","status":"Unborrowed"}},{"book":{"Year":"1918","BookName":"Kong Yiji","Author":"Lu Xun","status":"Unborrowed"}},{"book":{"Year":"1918","BookName":"Kong Yiji","Author":"Lu Xun","status":"Unborrowed"}},{"book":{"Year":"1924","BookName":"Soap","Author":"Lu xun","status":"Unborrowed"}},{"book":{"Year":"1924","BookName":"Soap","Author":"Lu xun","status":"Unborrowed"}},{"book":{"Year":"1924","BookName":"Soap","Author":"Lu xun","status":"Unborrowed"}},{"book":{"Year":"1924","BookName":"Soap","Author":"Lu xun","status":"Unborrowed"}},{"book":{"Year":"1924","BookName":"Soap","Author":"Lu xun","status":"Unborrowed"}},{"book":{"Year":"1924","BookName":"Soap","Author":"Lu xun","status":"Unborrowed"}},{"book":{"Year":"1924","BookName":"Soap","Author":"Lu xun","status":"Unborrowed"}},{"book":{"Year":"1924","BookName":"Soap","Author":"Lu xun","status":"Unborrowed"}},{"book":{"Year":"1924","BookName":"Soap","Author":"Lu xun","status":"Unborrowed"}},{"book":{"Year":"1924","BookName":"Soap","Author":"Lu xun","status":"Unborrowed"}},{"book":{"Year":"1924","BookName":"Soap","Author":"Lu xun","status":"Unborrowed"}},{"book":{"Year":"1924","BookName":"Soap","Author":"Lu xun","status":"Unborrowed"}},{"book":{"Year":"1924","BookName":"Soap","Author":"Lu xun","status":"Unborrowed"}},{"book":{"Year":"1924","BookName":"Soap","Author":"Lu xun","status":"Unborrowed"}},{"book":{"Year":"1924","BookName":"Soap","Author":"Lu xun","status":"Unborrowed"}},{"book":{"Year":"1924","BookName":"Soap","Author":"Lu xun","status":"Unborrowed"}},{"book":{"Year":"1924","BookName":"Soap","Author":"Lu xun","status":"Unborrowed"}},{"book":{"Year":"1924","BookName":"Soap","Author":"Lu xun","status":"Unborrowed"}},{"book":{"Year":"1924","BookName":"Soap","Author":"Lu xun","status":"Unborrowed"}},{"book":{"Year":"1924","BookName":"Soap","Author":"Lu xun","status":"Unborrowed"}},{"book":{"Year":"1924","BookName":"Soap","Author":"Lu xun","status":"Unborrowed"}},{"book":{"Year":"1924","BookName":"Soap","Author":"Lu xun","status":"Unborrowed"}},{"book":{"Year":"1924","BookName":"Soap","Author":"Lu xun","status":"Unborrowed"}},{"book":{"Year":"1924","BookName":"Soap","Author":"Lu xun","status":"Unborrowed"}},{"book":{"Year":"1924","BookName":"Soap","Author":"Lu xun","status":"Unborrowed"}},{"book":{"Year":"1924","BookName":"Soap","Author":"Lu xun","status":"Unborrowed"}},{"book":{"Year":"1924","BookName":"Soap","Author":"Lu xun","status":"Unborrowed"}},{"book":{"Year":"1924","BookName":"Soap","Author":"Lu xun","status":"Unborrowed"}},{"book":{"Year":"1924","BookName":"Soap","Author":"Lu xun","status":"Unborrowed"}},{"book":{"Year":"1924","BookName":"Soap","Author":"Lu xun","status":"Unborrowed"}},{"book":{"Year":"1924","BookName":"Soap","Author":"Lu xun","status":"Unborrowed"}},{"book":{"Year":"1924","BookName":"Soap","Author":"Lu xun","status":"Unborrowed"}},{"book":{"Year":"1924","BookName":"Soap","Author":"Lu xun","status":"Unborrowed"}},{"book":{"Year":"1924","BookName":"Soap","Author":"Lu xun","status":"Unborrowed"}},{"book":{"Year":"1924","BookName":"Soap","Author":"Lu xun","status":"Unborrowed"}},{"book":{"Year":"1924","BookName":"Soap","Author":"Lu xun","status":"Unborrowed"}},{"book":{"Year":"1924","BookName":"Soap","Author":"Lu xun","status":"Unborrowed"}},{"book":{"Year":"1924","BookName":"Soap","Author":"Lu xun","status":"Unborrowed"}},{"book":{"Year":"1924","BookName":"Soap","Author":"Lu xun","status":"Unborrowed"}},{"book":{"Year":"1924","BookName":"Soap","Author":"Lu xun","status":"Unborrowed"}},{"book":{"Year":"1924","BookName":"Soap","Author":"Lu xun","status":"Unborrowed"}},{"book":{"Year":"1924","BookName":"Soap","Author":"Lu xun","status":"Unborrowed"}},{"book":{"Year":"1924","BookName":"Soap","Author":"Lu xun","status":"Unborrowed"}},{"book":{"Year":"1924","BookName":"Soap","Author":"Lu xun","status":"Unborrowed"}},{"book":{"Year":"1924","BookName":"Soap","Author":"Lu xun","status":"Unborrowed"}},{"book":{"Year":"1924","BookName":"Soap","Author":"Lu xun","status":"Unborrowed"}},{"book":{"Year":"1924","BookName":"Soap","Author":"Lu xun","status":"Unborrowed"}},{"book":{"Year":"1924","BookName":"Soap","Author":"Lu xun","status":"Unborrowed"}},{"book":{"Year":"1924","BookName":"Soap","Author":"Lu xun","status":"Unborrowed"}},{"book":{"Year":"1924","BookName":"Soap","Author":"Lu xun","status":"Unborrowed"}},{"book":{"Year":"1924","BookName":"Soap","Author":"Lu xun","status":"Unborrowed"}},{"book":{"Year":"1924","BookName":"Soap","Author":"Lu xun","status":"Unborrowed"}},{"book":{"Year":"1924","BookName":"Soap","Author":"Lu xun","status":"Unborrowed"}},{"book":{"Year":"1924","BookName":"Soap","Author":"Lu xun","status":"Unborrowed"}},{"book":{"Year":"1924","BookName":"Soap","Author":"Lu xun","status":"Unborrowed"}},{"book":{"Year":"1924","BookName":"Soap","Author":"Lu xun","status":"Unborrowed"}},{"book":{"Year":"1924","BookName":"Soap","Author":"Lu xun","status":"Unborrowed"}},{"book":{"Year":"1924","BookName":"Soap","Author":"Lu xun","status":"Unborrowed"}},{"book":{"Year":"1924","BookName":"Soap","Author":"Lu xun","status":"Unborrowed"}},{"book":{"Year":"1924","BookName":"Soap","Author":"Lu xun","status":"Unborrowed"}},{"book":{"Year":"1924","BookName":"Soap","Author":"Lu xun","status":"Unborrowed"}},{"book":{"Year":"1924","BookName":"Soap","Author":"Lu xun","status":"Unborrowed"}},{"book":{"Year":"1918","BookName":"Kong Yiji","Author":"Lu Xun","status":"Unborrowed"}},{"book":{"Year":"1918","BookName":"Kong Yiji","Author":"Lu Xun","status":"Unborrowed"}},{"book":{"Year":"1918","BookName":"Kong Yiji","Author":"Lu Xun","status":"Unborrowed"}},{"book":{"Year":"1918","BookName":"Kong Yiji","Author":"Lu Xun","status":"Unborrowed"}},{"book":{"Year":"1918","BookName":"Kong Yiji","Author":"Lu Xun","status":"Unborrowed"}},{"book":{"Year":"1918","BookName":"Kong Yiji","Author":"Lu Xun","status":"Unborrowed"}},{"book":{"Year":"1918","BookName":"Kong Yiji","Author":"Lu Xun","status":"Unborrowed"}},{"book":{"Year":"1918","BookName":"Kong Yiji","Author":"Lu Xun","status":"Unborrowed"}},{"book":{"Year":"1918","BookName":"Kong Yiji","Author":"Lu Xun","status":"Unborrowed"}},{"book":{"Year":"1918","BookName":"Kong Yiji","Author":"Lu Xun","status":"Unborrowed"}},{"book":{"Year":"1918","BookName":"Kong Yiji","Author":"Lu Xun","status":"Unborrowed"}},{"book":{"Year":"1918","BookName":"Kong Yiji","Author":"Lu Xun","status":"Unborrowed"}},{"book":{"Year":"1918","BookName":"Kong Yiji","Author":"Lu Xun","status":"Unborrowed"}},{"book":{"Year":"1918","BookName":"Kong Yiji","Author":"Lu Xun","status":"Unborrowed"}},{"book":{"Year":"1918","BookName":"Kong Yiji","Author":"Lu Xun","status":"Unborrowed"}},{"book":{"Year":"1918","BookName":"Kong Yiji","Author":"Lu Xun","status":"Unborrowed"}},{"book":{"Year":"1918","BookName":"Kong Yiji","Author":"Lu Xun","status":"Unborrowed"}},{"book":{"Year":"1918","BookName":"Kong Yiji","Author":"Lu Xun","status":"Unborrowed"}},{"book":{"Year":"1918","BookName":"Kong Yiji","Author":"Lu Xun","status":"Unborrowed"}},{"book":{"Year":"1918","BookName":"Kong Yiji","Author":"Lu Xun","status":"Unborrowed"}},{"book":{"Year":"1918","BookName":"Kong Yiji","Author":"Lu Xun","status":"Unborrowed"}},{"book":{"Year":"1918","BookName":"Kong Yiji","Author":"Lu Xun","status":"Unborrowed"}},{"book":{"Year":"1918","BookName":"Kong Yiji","Author":"Lu Xun","status":"Unborrowed"}},{"book":{"Year":"1918","BookName":"Kong Yiji","Author":"Lu Xun","status":"Unborrowed"}},{"book":{"Year":"1918","BookName":"Kong Yiji","Author":"Lu Xun","status":"Unborrowed"}},{"book":{"Year":"1918","BookName":"Kong Yiji","Author":"Lu Xun","status":"Unborrowed"}},{"book":{"Year":"1918","BookName":"Kong Yiji","Author":"Lu Xun","status":"Unborrowed"}},{"book":{"Year":"1918","BookName":"Kong Yiji","Author":"Lu Xun","status":"Unborrowed"}},{"book":{"Year":"1918","BookName":"Kong Yiji","Author":"Lu Xun","status":"Unborrowed"}},{"book":{"Year":"1918","BookName":"Kong Yiji","Author":"Lu Xun","status":"Unborrowed"}},{"book":{"Year":"1918","BookName":"Kong Yiji","Author":"Lu Xun","status":"Unborrowed"}},{"book":{"Year":"1918","BookName":"Kong Yiji","Author":"Lu Xun","status":"Unborrowed"}},{"book":{"Year":"2017","BookName":"All Thd Light We Cannot See","Author":"Anthony Doerr","status":"Unborrowed"}},{"book":{"Year":"1934","BookName":"Opposing Aggression","Author":"Lu xun","status":"Unborrowed"}},{"book":{"Year":"1934","BookName":"Opposing Aggression","Author":"Lu xun","status":"Unborrowed"}},{"book":{"Year":"1934","BookName":"Opposing Aggression","Author":"Lu xun","status":"Unborrowed"}},{"book":{"Year":"1997","BookName":"Harry Potter","Author":"J.k. Rowling","status":"Unborrowed"}},{"book":{"Year":"1997","BookName":"Harry Potter","Author":"J.k. Rowling","status":"Unborrowed"}},{"book":{"Year":"1997","BookName":"Harry Potter","Author":"J.k. Rowling","status":"Unborrowed"}},{"book":{"Year":"1997","BookName":"Harry Potter","Author":"J.k. Rowling","status":"Unborrowed"}},{"book":{"Year":"1934","BookName":"Opposing Aggression","Author":"Lu xun","status":"Unborrowed"}},{"book":{"Year":"1997","BookName":"Harry Potter","Author":"J.k. Rowling","status":"Unborrowed"}},{"book":{"Year":"1997","BookName":"Harry Potter","Author":"J.k. Rowling","status":"Unborrowed"}},{"book":{"Year":"1997","BookName":"Harry Potter","Author":"J.k. Rowling","status":"Unborrowed"}},{"book":{"Year":"1997","BookName":"Harry Potter","Author":"J.k. Rowling","status":"Unborrowed"}},{"book":{"Year":"1997","BookName":"Harry Potter","Author":"J.k. Rowling","status":"Unborrowed"}},{"book":{"Year":"1997","BookName":"Harry Potter","Author":"J.k. Rowling","status":"Unborrowed"}},{"book":{"Year":"1997","BookName":"Harry Potter","Author":"J.k. Rowling","status":"Unborrowed"}},{"book":{"Year":"1997","BookName":"Harry Potter","Author":"J.k. Rowling","status":"Unborrowed"}},{"book":{"Year":"1997","BookName":"Harry Potter","Author":"J.k. Rowling","status":"Unborrowed"}},{"book":{"Year":"1997","BookName":"Harry Potter","Author":"J.k. Rowling","status":"Unborrowed"}},{"book":{"Year":"1997","BookName":"Harry Potter","Author":"J.k. Rowling","status":"Unborrowed"}},{"book":{"Year":"1997","BookName":"Harry Potter","Author":"J.k. Rowling","status":"Unborrowed"}},{"book":{"Year":"1997","BookName":"Harry Potter","Author":"J.k. Rowling","status":"Unborrowed"}},{"book":{"Year":"1997","BookName":"Harry Potter","Author":"J.k. Rowling","status":"Unborrowed"}},{"book":{"Year":"1997","BookName":"Harry Potter","Author":"J.k. Rowling","status":"Unborrowed"}},{"book":{"Year":"1997","BookName":"Harry Potter","Author":"J.k. Rowling","status":"Unborrowed"}},{"book":{"Year":"1934","BookName":"Opposing Aggression","Author":"Lu xun","status":"Unborrowed"}},{"book":{"Year":"1934","BookName":"Opposing Aggression","Author":"Lu xun","status":"Unborrowed"}}]